municipio,media_notas,total_participantes,desvio_notas,ipdm,rendimento_domiciliar_per_capita,taxa_ensino_superior_completo,taxa_alfabetizacao
São Paulo,535.3,55351,74.7,577,2713.36,27.7,0.974
Guarulhos,520.4,6145,67.5,527,1643.73,18.27,0.968
Campinas,550.6,5403,77.2,587,2678.6,27.5,0.976
São Bernardo do Campo,543.4,4967,72.2,609,2229.41,27.02,0.976
São José dos Campos,556.4,4231,77.8,604,2276.81,26.22,0.979
Santo André,540.5,4103,72.6,578,2460.93,28.98,0.98
Osasco,524.2,4077,69.1,553,1951.14,22.94,0.972
Sorocaba,540.8,3891,71.2,584,2165.31,23.99,0.979
Ribeirão Preto,553.6,3473,77.5,566,2507.29,25.87,0.98
Barueri,528.6,2839,65.8,629,2412.35,21.98,0.974
Jundiaí,550.4,2717,72.5,641,2774.36,29.54,0.98
São José do Rio Preto,548.5,2416,74.0,590,2410.09,25.18,0.978
Mogi das Cruzes,531.7,2414,72.1,556,1851.39,22.79,0.971
Santos,540.7,2412,72.9,598,3237.52,36.68,0.984
Piracicaba,547.4,2064,72.3,607,2145.67,22.12,0.976
Diadema,513.6,1883,61.4,542,1522.03,15.14,0.968
Bauru,543.8,1788,73.1,560,2210.1,23.81,0.979
Mauá,512.1,1760,61.5,544,1478.74,14.97,0.967
São Caetano do Sul,546.1,1745,66.5,674,3884.58,45.2,0.988
Suzano,522.6,1686,67.3,532,1407.5,14.36,0.966
Indaiatuba,537.7,1659,70.9,648,2601.91,24.19,0.979
Taboão da Serra,515.1,1632,63.0,517,1740.2,19.64,0.972
Cotia,528.6,1588,70.4,537,2275.73,24.39,0.969
Praia Grande,520.3,1580,62.6,531,1795.56,17.6,0.973
São Carlos,551.0,1553,74.7,601,2281.26,24.9,0.975
Franca,539.9,1547,69.6,585,1734.79,17.95,0.979
Carapicuíba,502.0,1541,57.6,495,1432.95,14.67,0.966
Taubaté,545.2,1505,72.1,543,1941.51,24.11,0.978
Itaquaquecetuba,498.3,1414,58.6,473,1101.16,8.47,0.953
Americana,547.4,1385,69.1,610,2358.27,24.31,0.983
Limeira,554.7,1365,69.5,588,1932.42,17.7,0.972
Jacareí,528.8,1296,69.2,551,1799.5,21.07,0.973
Araraquara,541.8,1257,71.8,591,2128.11,23.57,0.976
Guarujá,506.4,1193,63.5,511,1416.67,12.92,0.962
Hortolândia,521.2,1193,63.1,604,1619.28,14.48,0.969
Embu das Artes,503.3,1140,57.7,524,1249.69,11.6,0.958
Presidente Prudente,540.0,1137,76.0,563,2104.17,24.57,0.975
Marília,539.6,1123,73.6,571,2024.26,23.26,0.974
Araçatuba,541.6,1040,76.7,591,2088.68,21.83,0.974
São Vicente,508.1,985,62.2,472,1451.91,13.06,0.968
Bragança Paulista,537.9,941,72.7,560,1941.5,20.05,0.973
Santana de Parnaíba,521.6,914,75.5,628,3465.07,30.24,0.97
Pindamonhangaba,530.6,905,69.2,551,1610.98,19.5,0.974
Sumaré,512.5,894,63.1,570,1586.3,13.22,0.965
Rio Claro,545.1,886,71.7,569,2056.67,22.05,0.974
Itapevi,493.5,857,58.8,502,1138.47,9.36,0.963
Itapecerica da Serra,505.0,854,60.2,500,1248.65,12.76,0.955
Itapetininga,534.4,840,70.8,549,1671.4,17.17,0.969
Atibaia,541.5,839,73.1,594,2283.78,23.88,0.965
Jaú,549.5,805,72.2,570,1751.62,17.9,0.969
Valinhos,572.4,801,81.7,614,3127.28,31.58,0.98
Itu,538.7,787,72.0,568,1874.09,18.3,0.965
Sertãozinho,532.4,786,67.7,576,1797.64,17.4,0.961
Ferraz de Vasconcelos,503.2,751,58.7,483,1201.71,10.85,0.961
Francisco Morato,496.2,746,56.9,445,1035.25,6.4,0.949
Santa Bárbara d'Oeste,524.0,725,63.5,590,1877.28,15.31,0.974
Botucatu,552.2,704,73.2,568,1991.29,24.28,0.974
Franco da Rocha,505.1,698,58.9,492,1397.55,11.15,0.96
Catanduva,549.9,693,71.5,578,1898.84,21.42,0.968
Caraguatatuba,521.1,682,69.2,540,1578.4,17.79,0.965
Ribeirão Pires,517.1,680,60.0,578,1660.3,19.57,0.972
Itapeva,509.8,668,65.5,519,1443.07,15.08,0.956
Cubatão,523.3,645,65.6,561,1246.76,10.07,0.955
Poá,505.6,610,59.6,514,1476.59,15.96,0.974
Ourinhos,527.6,609,73.2,551,1834.77,20.0,0.968
Guaratinguetá,551.6,588,69.6,546,1872.42,21.29,0.977
Araras,538.2,583,72.4,596,1910.5,20.38,0.968
Paulínia,538.8,578,71.2,647,2680.07,27.34,0.978
Assis,535.8,577,68.8,552,1997.74,24.68,0.974
Tatuí,529.9,572,65.3,510,1558.09,15.64,0.971
Birigui,529.1,569,72.1,591,1732.98,18.48,0.967
Jandira,508.0,559,63.4,526,1628.78,15.77,0.969
Itatiba,541.6,551,71.5,605,2282.1,21.44,0.974
Caieiras,516.3,539,64.0,538,1668.47,17.09,0.973
São Roque,534.7,530,72.7,543,2014.74,21.21,0.963
Barretos,538.3,514,72.2,577,1844.44,19.91,0.976
São Sebastião,502.2,509,64.1,609,1607.55,15.22,0.956
Arujá,519.3,503,63.8,563,1982.83,18.78,0.965
Mogi Guaçu,546.1,502,68.8,558,1747.34,16.8,0.972
Caçapava,524.7,483,64.0,540,1632.59,17.13,0.971
Cruzeiro,530.8,474,71.7,503,1498.46,18.72,0.977
Avaré,539.5,470,78.0,512,1769.85,18.13,0.966
São João da Boa Vista,565.0,466,71.1,590,1961.78,22.58,0.973
Amparo,556.1,463,72.1,591,1986.75,19.23,0.968
Vinhedo,547.5,454,74.8,678,3247.77,30.95,0.98
Salto,540.1,452,70.9,582,1902.87,19.51,0.974
Lorena,533.8,451,78.6,497,1673.5,20.19,0.972
Ubatuba,518.8,442,70.0,533,1615.62,16.41,0.964
Cajamar,500.1,442,58.6,579,1728.39,18.93,0.965
Leme,548.6,440,74.5,544,1577.91,14.85,0.954
Registro,537.1,439,65.6,518,1533.08,15.65,0.964
Itanhaém,502.2,436,59.1,496,1374.2,14.2,0.959
Votuporanga,552.5,420,69.4,594,1789.36,20.49,0.967
Matão,536.4,415,66.6,605,1700.46,16.4,0.963
Mococa,522.2,404,70.6,547,1693.15,15.78,0.964
Fernandópolis,544.3,397,68.9,583,1853.8,23.15,0.962
Bebedouro,545.3,397,73.7,572,1734.11,21.37,0.973
Batatais,530.5,390,70.5,546,1826.35,17.19,0.963
Campo Limpo Paulista,521.5,390,65.2,516,1564.93,15.42,0.968
Peruíbe,516.9,389,67.8,494,1407.11,16.25,0.96
Tupã,543.5,380,67.5,557,1848.49,20.67,0.959
Embu-Guaçu,509.2,380,64.4,499,1386.48,13.64,0.954
Votorantim,520.2,378,64.6,529,1837.4,18.82,0.976
Mairiporã,518.0,367,69.3,521,1825.67,18.61,0.958
Mogi Mirim,549.0,364,66.3,597,2026.17,22.22,0.97
Jaboticabal,534.8,361,71.1,566,1948.36,21.73,0.966
Pirassununga,529.8,351,66.6,556,2014.47,23.02,0.969
Orlândia,512.7,321,72.4,531,1737.14,16.81,0.965
Penápolis,525.1,320,72.4,556,1737.74,18.4,0.968
Nova Odessa,532.6,318,58.0,613,1934.32,18.06,0.979
Ibiúna,519.0,315,67.6,516,1324.95,11.27,0.939
Cosmópolis,520.1,309,63.5,548,1614.71,13.19,0.966
Lins,537.2,309,66.5,549,1864.07,22.46,0.97
São Joaquim da Barra,516.5,309,65.8,569,1577.23,17.22,0.965
Mongaguá,507.9,302,59.5,442,1287.82,11.26,0.962
Andradina,526.6,300,69.6,547,1774.02,18.56,0.963
Monte Mor,499.9,300,61.3,538,1367.63,10.7,0.956
Capão Bonito,506.7,296,59.1,515,1240.46,10.01,0.942
Lençóis Paulista,532.7,296,67.2,596,1795.57,16.92,0.966
Vargem Grande Paulista,518.0,293,68.7,563,1929.62,21.47,0.968
Itupeva,522.3,291,64.2,613,2035.47,19.38,0.974
Mirassol,526.9,288,72.1,604,2049.55,21.24,0.972
São José do Rio Pardo,544.1,278,71.1,529,1547.43,15.72,0.969
Várzea Paulista,505.5,276,53.6,542,1446.57,10.39,0.965
Olímpia,524.2,264,66.3,607,1674.78,16.73,0.965
Capivari,532.5,262,65.0,543,1570.15,12.43,0.969
Santa Cruz do Rio Pardo,535.7,256,78.4,570,1738.78,18.66,0.965
Piedade,523.2,252,68.5,522,1446.28,10.49,0.954
Ibitinga,532.9,252,68.6,515,1437.98,8.79,0.965
Bertioga,495.9,252,58.1,553,1511.97,12.17,0.965
Boituva,554.1,249,69.9,587,1819.01,19.86,0.97
Jaguariúna,527.6,248,66.7,649,2045.01,20.96,0.975
Jales,541.9,246,69.4,620,2077.24,24.35,0.963
Itararé,513.1,246,66.0,502,1297.43,12.87,0.956
Santa Isabel,515.7,243,65.0,524,1412.6,14.42,0.946
Itapira,541.2,239,61.8,580,1823.28,15.82,0.964
Novo Horizonte,517.4,236,69.9,555,1693.96,13.83,0.947
Ituverava,524.2,232,77.1,516,1788.4,17.71,0.954
Presidente Venceslau,526.1,230,69.4,568,1954.88,19.15,0.953
Presidente Epitácio,526.1,230,67.7,558,1428.42,14.99,0.952
Paraguaçu Paulista,509.6,229,68.2,513,1546.02,16.62,0.954
Barra Bonita,538.8,228,68.2,548,1853.96,18.38,0.961
Taquaritinga,527.7,227,71.3,470,1620.23,15.6,0.95
Dracena,532.3,227,73.7,565,1886.73,21.52,0.965
Rio Grande da Serra,507.9,218,59.3,556,1233.69,10.38,0.958
Artur Nogueira,523.9,213,65.7,559,1649.8,13.51,0.954
Mairinque,500.1,213,55.0,533,1607.36,14.17,0.961
Porto Feliz,504.0,209,61.7,595,1626.03,12.48,0.964
Garça,518.8,209,72.2,502,1612.63,17.89,0.959
Campos do Jordão,523.1,202,64.6,578,1626.97,13.16,0.965
José Bonifácio,540.1,192,75.4,530,1697.31,16.14,0.96
Iguape,494.4,192,70.4,480,1336.34,12.69,0.942
Tietê,537.7,186,75.3,577,2011.6,20.0,0.975
Monte Alto,538.2,184,68.9,563,1861.15,17.36,0.967
Osvaldo Cruz,529.6,180,67.9,527,1773.28,18.47,0.963
Porto Ferreira,530.4,178,67.0,519,1719.41,15.4,0.962
Serrana,511.3,178,60.8,504,1283.46,9.08,0.955
Cerquilho,535.4,176,67.1,607,1839.05,16.78,0.977
Guaíra,526.7,175,80.3,545,1685.85,14.85,0.961
Espírito Santo do Pinhal,531.9,175,69.0,570,1838.17,18.43,0.96
Bariri,528.6,173,75.0,558,1755.66,17.59,0.961
Ilha Solteira,529.4,172,64.9,573,2147.45,22.76,0.966
Cabreúva,518.1,164,63.3,584,1480.46,10.88,0.963
Pontal,503.6,164,60.3,519,1384.14,9.69,0.941
Ibaté,508.8,162,63.0,560,1285.02,9.29,0.951
Guariba,487.3,160,59.1,513,1320.05,9.89,0.94
Cachoeira Paulista,523.8,156,62.6,469,1383.47,16.51,0.965
Piraju,524.5,156,68.6,557,1659.91,19.53,0.967
Cândido Mota,506.2,156,60.3,555,1531.32,15.82,0.953
Juquitiba,490.7,154,57.6,491,1076.35,10.02,0.922
São Pedro,534.3,154,61.8,558,1747.04,18.09,0.965
Salto de Pirapora,514.2,153,59.4,556,1536.7,11.78,0.966
Jardinópolis,513.4,153,69.7,539,1536.17,12.91,0.961
São Manuel,512.2,152,54.8,523,1448.66,13.51,0.954
Fartura,517.1,152,75.0,590,1482.13,14.44,0.954
Descalvado,527.7,151,64.5,596,1726.15,17.45,0.962
Promissão,515.2,151,69.2,534,1506.74,16.07,0.964
Palmital,501.4,150,64.1,553,1582.67,16.95,0.96
Itápolis,518.5,149,68.8,581,1675.41,16.04,0.952
Pederneiras,526.1,146,67.6,550,1528.3,13.8,0.954
Santa Rita do Passa Quatro,539.9,145,72.0,529,1753.02,18.84,0.965
Apiaí,504.5,145,63.5,493,1148.15,10.88,0.94
Guararapes,533.6,143,73.1,570,1575.63,15.52,0.952
Socorro,540.3,143,68.0,569,1787.74,16.89,0.955
Adamantina,547.7,142,68.8,565,1868.26,21.98,0.965
Álvares Machado,527.7,141,71.4,508,1462.07,15.46,0.958
Santa Rosa de Viterbo,509.1,141,61.6,540,1588.13,14.09,0.966
Pitangueiras,511.5,140,64.8,540,1363.54,12.36,0.945
Igarapava,500.8,139,64.6,516,1501.48,13.93,0.948
Agudos,535.2,136,65.4,518,1590.76,15.77,0.962
Louveira,508.4,134,57.1,645,2025.97,17.45,0.965
Pompéia,531.6,133,78.8,626,1904.12,22.4,0.964
Aparecida,498.5,133,53.2,551,1468.76,16.35,0.97
Vargem Grande do Sul,518.2,133,66.7,519,1350.12,10.7,0.956
Taquarituba,546.7,133,64.4,551,1515.25,11.28,0.948
Rio das Pedras,510.1,128,58.1,552,1563.69,11.91,0.966
Pilar do Sul,532.4,128,73.9,545,1571.17,13.66,0.949
Araçoiaba da Serra,500.3,127,64.9,555,1993.37,18.7,0.97
Santa Cruz das Palmeiras,529.6,126,70.7,521,1607.04,13.04,0.941
Ipaussu,513.6,125,63.3,460,1441.01,15.46,0.954
